-- MySQL dump 10.13  Distrib 5.1.69, for debian-linux-gnu (x86_64)
--
-- Host: localhost    Database: esurveyit
-- ------------------------------------------------------
-- Server version	5.1.69-0ubuntu0.11.10.1

/*!40101 SET @OLD_CHARACTER_SET_CLIENT=@@CHARACTER_SET_CLIENT */;
/*!40101 SET @OLD_CHARACTER_SET_RESULTS=@@CHARACTER_SET_RESULTS */;
/*!40101 SET @OLD_COLLATION_CONNECTION=@@COLLATION_CONNECTION */;
/*!40101 SET NAMES utf8 */;
/*!40103 SET @OLD_TIME_ZONE=@@TIME_ZONE */;
/*!40103 SET TIME_ZONE='+00:00' */;
/*!40014 SET @OLD_UNIQUE_CHECKS=@@UNIQUE_CHECKS, UNIQUE_CHECKS=0 */;
/*!40014 SET @OLD_FOREIGN_KEY_CHECKS=@@FOREIGN_KEY_CHECKS, FOREIGN_KEY_CHECKS=0 */;
/*!40101 SET @OLD_SQL_MODE=@@SQL_MODE, SQL_MODE='NO_AUTO_VALUE_ON_ZERO' */;
/*!40111 SET @OLD_SQL_NOTES=@@SQL_NOTES, SQL_NOTES=0 */;

--
-- Table structure for table `account`
--

DROP TABLE IF EXISTS `account`;
/*!40101 SET @saved_cs_client     = @@character_set_client */;
/*!40101 SET character_set_client = utf8 */;
CREATE TABLE `account` (
  `account_id` bigint(20) NOT NULL AUTO_INCREMENT,
  `email` varchar(80) DEFAULT NULL,
  `password` varchar(40) DEFAULT NULL,
  `name` varchar(40) DEFAULT NULL,
  `surname` varchar(40) DEFAULT NULL,
  `company` varchar(255) DEFAULT NULL,
  `phone` varchar(40) DEFAULT NULL,
  `address` varchar(255) DEFAULT NULL,
  `address2` varchar(255) DEFAULT NULL,
  `suburb` varchar(40) DEFAULT NULL,
  `postcode` varchar(10) DEFAULT NULL,
  `state` varchar(40) DEFAULT NULL,
  `create_date` datetime DEFAULT NULL,
  `modifiy_date` datetime DEFAULT NULL,
  `delete_date` datetime DEFAULT NULL,
  PRIMARY KEY (`account_id`)
) ENGINE=MyISAM AUTO_INCREMENT=3 DEFAULT CHARSET=latin1;
/*!40101 SET character_set_client = @saved_cs_client */;

--
-- Dumping data for table `account`
--

LOCK TABLES `account` WRITE;
/*!40000 ALTER TABLE `account` DISABLE KEYS */;
INSERT INTO `account` VALUES (1,'jason@lexxcom.com','cowcow','jason','Stewart','','0405833502','','','','','','2011-07-15 10:19:33',NULL,NULL),(2,'jason@lexxcom.com.au','moomoo','john','smith','','0405833502','','','','','','2011-07-15 10:19:48',NULL,NULL);
/*!40000 ALTER TABLE `account` ENABLE KEYS */;
UNLOCK TABLES;

--
-- Table structure for table `country`
--

DROP TABLE IF EXISTS `country`;
/*!40101 SET @saved_cs_client     = @@character_set_client */;
/*!40101 SET character_set_client = utf8 */;
CREATE TABLE `country` (
  `code` char(4) DEFAULT NULL,
  `label` varchar(255) DEFAULT NULL
) ENGINE=MyISAM DEFAULT CHARSET=latin1;
/*!40101 SET character_set_client = @saved_cs_client */;

--
-- Dumping data for table `country`
--

LOCK TABLES `country` WRITE;
/*!40000 ALTER TABLE `country` DISABLE KEYS */;
/*!40000 ALTER TABLE `country` ENABLE KEYS */;
UNLOCK TABLES;

--
-- Table structure for table `invoice`
--

DROP TABLE IF EXISTS `invoice`;
/*!40101 SET @saved_cs_client     = @@character_set_client */;
/*!40101 SET character_set_client = utf8 */;
CREATE TABLE `invoice` (
  `invoice_id` bigint(20) NOT NULL AUTO_INCREMENT,
  `account_id` bigint(20) DEFAULT NULL,
  `invoice_type` enum('Single','account') DEFAULT NULL,
  `invoice_card` varchar(40) DEFAULT NULL,
  `invoice_card_name` varchar(40) DEFAULT NULL,
  `invoice_card_date` varchar(40) DEFAULT NULL,
  `days` int(11) DEFAULT NULL,
  `create_date` date DEFAULT NULL,
  PRIMARY KEY (`invoice_id`),
  KEY `account_invoice` (`account_id`)
) ENGINE=MyISAM DEFAULT CHARSET=latin1;
/*!40101 SET character_set_client = @saved_cs_client */;

--
-- Dumping data for table `invoice`
--

LOCK TABLES `invoice` WRITE;
/*!40000 ALTER TABLE `invoice` DISABLE KEYS */;
/*!40000 ALTER TABLE `invoice` ENABLE KEYS */;
UNLOCK TABLES;

--
-- Table structure for table `question`
--

DROP TABLE IF EXISTS `question`;
/*!40101 SET @saved_cs_client     = @@character_set_client */;
/*!40101 SET character_set_client = utf8 */;
CREATE TABLE `question` (
  `question_id` int(11) NOT NULL,
  `survey_id` int(11) NOT NULL,
  `question_label` text,
  `question_type` varchar(40) DEFAULT NULL,
  `question_options` text,
  `sort` int(11) DEFAULT NULL,
  `delete_check` tinyint(1) NOT NULL DEFAULT '0',
  PRIMARY KEY (`question_id`,`survey_id`),
  KEY `survey_question` (`survey_id`)
) ENGINE=MyISAM DEFAULT CHARSET=latin1;
/*!40101 SET character_set_client = @saved_cs_client */;

--
-- Dumping data for table `question`
--

LOCK TABLES `question` WRITE;
/*!40000 ALTER TABLE `question` DISABLE KEYS */;
INSERT INTO `question` VALUES (1,1,'Question 1','array','O:8:\"stdClass\":1:{s:7:\"caption\";s:0:\"\";}',1,0),(2,1,'Question 2','text','O:8:\"stdClass\":4:{s:5:\"width\";s:3:\"55%\";s:6:\"height\";s:4:\"16px\";s:4:\"text\";s:6:\"center\";s:7:\"caption\";s:0:\"\";}',2,0),(3,1,'Question 3','textarea','O:8:\"stdClass\":4:{s:5:\"width\";s:3:\"56%\";s:6:\"height\";s:4:\"48px\";s:4:\"text\";s:5:\"start\";s:7:\"caption\";s:14:\"this is a test\";}',3,0),(4,1,'Question 4','select','O:8:\"stdClass\":5:{s:5:\"width\";s:4:\"53px\";s:6:\"height\";s:4:\"12px\";s:4:\"text\";s:5:\"start\";s:7:\"caption\";s:0:\"\";s:4:\"size\";s:1:\"0\";}',4,0),(5,1,'Question 5','radio','O:8:\"stdClass\":4:{s:5:\"width\";s:4:\"100%\";s:6:\"height\";s:4:\"12px\";s:4:\"text\";s:5:\"start\";s:7:\"caption\";s:0:\"\";}',5,0),(6,1,'Question 6','checkbox','O:8:\"stdClass\":4:{s:5:\"width\";s:4:\"100%\";s:6:\"height\";s:4:\"12px\";s:4:\"text\";s:5:\"start\";s:7:\"caption\";s:0:\"\";}',6,0),(1,2,'What is the best dog','array','O:8:\"stdClass\":1:{s:7:\"caption\";s:0:\"\";}',1,0),(2,2,'What color Dog would you like','select','O:8:\"stdClass\":5:{s:5:\"width\";s:4:\"48px\";s:6:\"height\";s:4:\"12px\";s:4:\"text\";s:5:\"start\";s:7:\"caption\";s:0:\"\";s:4:\"size\";s:1:\"0\";}',2,0),(3,2,'How tall would you like your dog','radio','O:8:\"stdClass\":4:{s:5:\"width\";s:4:\"100%\";s:6:\"height\";s:4:\"12px\";s:4:\"text\";s:5:\"start\";s:7:\"caption\";s:0:\"\";}',3,0),(4,2,'What Devices would you like for your dog','checkbox','O:8:\"stdClass\":4:{s:5:\"width\";s:4:\"100%\";s:6:\"height\";s:4:\"12px\";s:4:\"text\";s:5:\"start\";s:7:\"caption\";s:0:\"\";}',4,0),(1,3,'question 2.1','text','O:8:\"stdClass\":4:{s:5:\"width\";s:4:\"100%\";s:6:\"height\";s:4:\"14px\";s:4:\"text\";s:5:\"start\";s:7:\"caption\";s:0:\"\";}',1,0),(2,3,'question 2.2','textarea','O:8:\"stdClass\":4:{s:5:\"width\";s:4:\"100%\";s:6:\"height\";s:4:\"12px\";s:4:\"text\";s:5:\"start\";s:7:\"caption\";s:0:\"\";}',2,0),(1,4,'jason stewart','textarea','O:8:\"stdClass\":4:{s:5:\"width\";s:3:\"35%\";s:6:\"height\";s:4:\"92px\";s:4:\"text\";s:5:\"start\";s:7:\"caption\";s:18:\"please explain why\";}',1,0),(2,4,'hi there','array','O:8:\"stdClass\":1:{s:7:\"caption\";s:0:\"\";}',2,0),(3,4,'ggg','select','O:8:\"stdClass\":5:{s:5:\"width\";s:5:\"150px\";s:6:\"height\";s:4:\"20px\";s:4:\"text\";s:5:\"start\";s:7:\"caption\";s:16:\"hhh h hhghg hggh\";s:4:\"size\";s:1:\"3\";}',3,0),(4,4,'ghhgghg','radio','O:8:\"stdClass\":4:{s:5:\"width\";s:5:\"235px\";s:6:\"height\";s:4:\"20px\";s:4:\"text\";s:4:\"left\";s:7:\"caption\";s:0:\"\";}',4,0),(5,4,'fdhfhd','checkbox','O:8:\"stdClass\":4:{s:5:\"width\";s:4:\"100%\";s:6:\"height\";s:4:\"20px\";s:4:\"text\";s:5:\"start\";s:7:\"caption\";s:0:\"\";}',5,0);
/*!40000 ALTER TABLE `question` ENABLE KEYS */;
UNLOCK TABLES;

--
-- Table structure for table `question_array`
--

DROP TABLE IF EXISTS `question_array`;
/*!40101 SET @saved_cs_client     = @@character_set_client */;
/*!40101 SET character_set_client = utf8 */;
CREATE TABLE `question_array` (
  `question_id` int(11) NOT NULL,
  `survey_id` int(11) NOT NULL,
  `question_row` int(11) NOT NULL,
  `question_column` int(11) NOT NULL,
  `row_label` varchar(255) DEFAULT NULL,
  `column_label` varchar(255) DEFAULT NULL,
  `delete_check` tinyint(1) NOT NULL DEFAULT '0',
  PRIMARY KEY (`question_id`,`survey_id`,`question_row`,`question_column`)
) ENGINE=MyISAM DEFAULT CHARSET=latin1;
/*!40101 SET character_set_client = @saved_cs_client */;

--
-- Dumping data for table `question_array`
--

LOCK TABLES `question_array` WRITE;
/*!40000 ALTER TABLE `question_array` DISABLE KEYS */;
INSERT INTO `question_array` VALUES (1,1,1,1,'Row 1','Column 1',0),(1,1,1,2,'Row 1','Column 2',0),(1,1,1,3,'Row 1','Column 3',0),(1,1,1,4,'Row 1','Column 4',0),(1,1,2,1,'Row 2','Column 1',0),(1,1,2,2,'Row 2','Column 2',0),(1,1,2,3,'Row 2','Column 3',0),(1,1,2,4,'Row 2','Column 4',0),(1,1,3,1,'Row 3','Column 1',0),(1,1,3,2,'Row 3','Column 2',0),(1,1,3,3,'Row 3','Column 3',0),(1,1,3,4,'Row 3','Column 4',0),(1,1,4,1,'Row 4','Column 1',0),(1,1,4,2,'Row 4','Column 2',0),(1,1,4,3,'Row 4','Column 3',0),(1,1,4,4,'Row 4','Column 4',0),(1,1,5,1,'Row 5','Column 1',0),(1,1,5,2,'Row 5','Column 2',0),(1,1,5,3,'Row 5','Column 3',0),(1,1,5,4,'Row 5','Column 4',0),(1,2,1,1,'Walking','Ductin',0),(1,2,1,2,'Walking','Chiwuwa',0),(1,2,1,3,'Walking','Great Dan',0),(1,2,1,4,'Walking','Snoopy',0),(1,2,1,5,'Walking','Mute',0),(1,2,2,1,'Feeding','Ductin',0),(1,2,2,2,'Feeding','Chiwuwa',0),(1,2,2,3,'Feeding','Great Dan',0),(1,2,2,4,'Feeding','Snoopy',0),(1,2,2,5,'Feeding','Mute',0),(1,2,3,1,'Smelling','Ductin',0),(1,2,3,2,'Smelling','Chiwuwa',0),(1,2,3,3,'Smelling','Great Dan',0),(1,2,3,4,'Smelling','Snoopy',0),(1,2,3,5,'Smelling','Mute',0),(1,2,4,1,'Shooting','Ductin',0),(1,2,4,2,'Shooting','Chiwuwa',0),(1,2,4,3,'Shooting','Great Dan',0),(1,2,4,4,'Shooting','Snoopy',0),(1,2,4,5,'Shooting','Mute',0),(1,2,5,1,'Riding','Ductin',0),(1,2,5,2,'Riding','Chiwuwa',0),(1,2,5,3,'Riding','Great Dan',0),(1,2,5,4,'Riding','Snoopy',0),(1,2,5,5,'Riding','Mute',0),(2,4,2,3,'ffffgg','hhfgff',0),(2,4,2,2,'ffffgg','hhfgf',0),(2,4,2,1,'ffffgg','hhfg',0),(2,4,1,3,'ffff','hhfgff',0),(2,4,1,2,'ffff','hhfgf',0),(2,4,1,1,'ffff','hhfg',0);
/*!40000 ALTER TABLE `question_array` ENABLE KEYS */;
UNLOCK TABLES;

--
-- Table structure for table `question_multi`
--

DROP TABLE IF EXISTS `question_multi`;
/*!40101 SET @saved_cs_client     = @@character_set_client */;
/*!40101 SET character_set_client = utf8 */;
CREATE TABLE `question_multi` (
  `question_id` int(11) NOT NULL,
  `survey_id` int(11) NOT NULL,
  `question_row` int(11) NOT NULL,
  `row_label` varchar(40) DEFAULT NULL,
  `delete_check` tinyint(1) NOT NULL DEFAULT '0',
  PRIMARY KEY (`question_id`,`survey_id`,`question_row`)
) ENGINE=MyISAM DEFAULT CHARSET=latin1;
/*!40101 SET character_set_client = @saved_cs_client */;

--
-- Dumping data for table `question_multi`
--

LOCK TABLES `question_multi` WRITE;
/*!40000 ALTER TABLE `question_multi` DISABLE KEYS */;
INSERT INTO `question_multi` VALUES (4,1,1,'Select 1',0),(4,1,2,'Select 2',0),(4,1,3,'Select 3',0),(4,1,4,'Select 4',0),(4,1,5,'Select 5',0),(4,1,6,'Select 5',0),(5,1,1,'Radio 1',0),(5,1,2,'Radio 2',0),(5,1,3,'Radio 3',0),(5,1,4,'Radio 4',0),(5,1,5,'Radio 5',0),(6,1,1,'Checkbox 1',0),(6,1,2,'Checkbox 2',0),(6,1,3,'Checkbox 3',0),(6,1,4,'Checkbox 4',0),(6,1,5,'Checkbox 5',0),(2,2,1,'White',0),(2,2,2,'Patchy',0),(2,2,3,'Black',0),(2,2,4,'Spotted',0),(2,2,5,'Green',0),(3,2,1,'Small',0),(3,2,2,'Medium',0),(3,2,3,'Large',0),(3,2,4,'Huge',0),(4,2,1,'Collar',0),(4,2,2,'Bowl',0),(4,2,3,'Kennel',0),(4,2,4,'Chew Toy',0),(4,2,5,'Leash',0),(4,2,6,'Mouth cover',0),(4,2,7,'Rear mounted torrant gun',0),(3,4,3,'jjjjj',0),(3,4,2,'fffggh',0),(3,4,1,'fffff',0),(4,4,1,'gfgfgf',0),(4,4,2,'gfgfgfgf',0),(4,4,3,'gfgfgfgfjjjj',0),(5,4,1,'gggg ',0),(5,4,2,'gggg fdfd',0),(5,4,3,'gggg fdfdfdfd',0);
/*!40000 ALTER TABLE `question_multi` ENABLE KEYS */;
UNLOCK TABLES;

--
-- Table structure for table `response_array`
--

DROP TABLE IF EXISTS `response_array`;
/*!40101 SET @saved_cs_client     = @@character_set_client */;
/*!40101 SET character_set_client = utf8 */;
CREATE TABLE `response_array` (
  `response_id` int(11) NOT NULL,
  `question_id` int(11) NOT NULL,
  `survey_id` int(11) NOT NULL,
  `question_row` int(11) NOT NULL,
  `question_column` int(11) NOT NULL,
  `array_value` text,
  PRIMARY KEY (`response_id`,`question_id`,`survey_id`,`question_row`,`question_column`),
  KEY `question_response_array` (`question_id`,`survey_id`),
  KEY `survey_response_response_array` (`response_id`,`survey_id`,`question_id`)
) ENGINE=MyISAM DEFAULT CHARSET=latin1;
/*!40101 SET character_set_client = @saved_cs_client */;

--
-- Dumping data for table `response_array`
--

LOCK TABLES `response_array` WRITE;
/*!40000 ALTER TABLE `response_array` DISABLE KEYS */;
INSERT INTO `response_array` VALUES (1,1,2,1,4,'true'),(1,1,2,2,5,'true'),(1,1,2,3,2,'true'),(1,1,2,4,3,'true'),(1,1,2,5,3,'true'),(2,1,2,1,3,'true'),(2,1,2,2,4,'true'),(2,1,2,3,3,'true'),(2,1,2,4,3,'true'),(2,1,2,5,3,'true'),(3,1,2,1,4,'true'),(3,1,2,2,4,'true'),(3,1,2,3,4,'true'),(3,1,2,4,3,'true'),(3,1,2,5,2,'true'),(4,1,2,1,4,'true'),(4,1,2,2,5,'true'),(4,1,2,3,3,'true'),(4,1,2,4,2,'true'),(4,1,2,5,3,'true'),(5,1,2,1,3,'true'),(5,1,2,2,5,'true'),(5,1,2,3,1,'true'),(5,1,2,4,1,'true'),(5,1,2,5,2,'true'),(6,1,2,1,2,'true'),(6,1,2,2,5,'true'),(6,1,2,3,2,'true'),(6,1,2,4,2,'true'),(6,1,2,5,3,'true'),(7,1,2,1,4,'true'),(7,1,2,2,2,'true'),(7,1,2,3,3,'true'),(7,1,2,4,1,'true'),(7,1,2,5,4,'true'),(8,1,2,1,2,'true'),(8,1,2,2,2,'true'),(8,1,2,3,2,'true'),(8,1,2,4,5,'true'),(8,1,2,5,3,'true'),(9,1,2,1,5,'true'),(9,1,2,2,3,'true'),(9,1,2,3,5,'true'),(9,1,2,4,4,'true'),(9,1,2,5,4,'true'),(10,1,2,1,2,'true'),(10,1,2,2,4,'true'),(10,1,2,3,5,'true'),(10,1,2,4,4,'true'),(10,1,2,5,4,'true'),(11,1,2,1,1,'true'),(11,1,2,2,1,'true'),(11,1,2,3,2,'true'),(11,1,2,4,3,'true'),(11,1,2,5,1,'true'),(12,1,2,1,2,'true'),(12,1,2,2,2,'true'),(12,1,2,3,1,'true'),(12,1,2,4,2,'true'),(12,1,2,5,1,'true'),(13,1,2,1,1,'true'),(13,1,2,2,1,'true'),(13,1,2,3,5,'true'),(13,1,2,4,1,'true'),(13,1,2,5,4,'true'),(14,1,2,1,2,'true'),(14,1,2,2,4,'true'),(14,1,2,3,2,'true'),(14,1,2,4,4,'true'),(14,1,2,5,1,'true'),(15,1,2,1,3,'true'),(15,1,2,2,5,'true'),(15,1,2,3,2,'true'),(15,1,2,4,4,'true'),(15,1,2,5,4,'true'),(16,1,2,1,4,'true'),(16,1,2,2,5,'true'),(16,1,2,3,2,'true'),(16,1,2,4,3,'true'),(16,1,2,5,1,'true'),(17,1,2,1,4,'true'),(17,1,2,2,1,'true'),(17,1,2,3,2,'true'),(17,1,2,4,2,'true'),(17,1,2,5,5,'true'),(18,1,2,1,2,'true'),(18,1,2,2,3,'true'),(18,1,2,3,4,'true'),(18,1,2,4,5,'true'),(18,1,2,5,4,'true'),(19,1,2,1,5,'true'),(19,1,2,2,1,'true'),(19,1,2,3,3,'true'),(19,1,2,4,3,'true'),(19,1,2,5,1,'true'),(20,1,2,1,5,'true'),(20,1,2,2,3,'true'),(20,1,2,3,3,'true'),(20,1,2,4,2,'true'),(20,1,2,5,3,'true'),(21,1,2,1,4,'true'),(21,1,2,2,2,'true'),(21,1,2,3,2,'true'),(21,1,2,4,3,'true'),(21,1,2,5,5,'true'),(22,1,2,1,2,'true'),(22,1,2,2,1,'true'),(22,1,2,3,4,'true'),(22,1,2,4,5,'true'),(22,1,2,5,4,'true'),(23,1,2,1,5,'true'),(23,1,2,2,1,'true'),(23,1,2,3,1,'true'),(23,1,2,4,5,'true'),(23,1,2,5,3,'true'),(24,1,2,1,2,'true'),(24,1,2,2,2,'true'),(24,1,2,3,1,'true'),(24,1,2,4,5,'true'),(24,1,2,5,5,'true'),(25,1,2,1,2,'true'),(25,1,2,2,5,'true'),(25,1,2,3,3,'true'),(25,1,2,4,2,'true'),(25,1,2,5,5,'true'),(26,1,2,1,4,'true'),(26,1,2,2,3,'true'),(26,1,2,3,4,'true'),(26,1,2,4,1,'true'),(26,1,2,5,5,'true'),(27,1,2,1,3,'true'),(27,1,2,2,3,'true'),(27,1,2,3,3,'true'),(27,1,2,4,5,'true'),(27,1,2,5,3,'true'),(28,1,2,1,5,'true'),(28,1,2,2,3,'true'),(28,1,2,3,5,'true'),(28,1,2,4,4,'true'),(28,1,2,5,5,'true'),(29,1,2,1,5,'true'),(29,1,2,2,3,'true'),(29,1,2,3,5,'true'),(29,1,2,4,3,'true'),(29,1,2,5,1,'true'),(30,1,2,1,5,'true'),(30,1,2,2,4,'true'),(30,1,2,3,1,'true'),(30,1,2,4,2,'true'),(30,1,2,5,3,'true'),(31,1,2,1,4,'true'),(31,1,2,2,3,'true'),(31,1,2,3,5,'true'),(31,1,2,4,2,'true'),(31,1,2,5,1,'true'),(32,1,2,1,3,'true'),(32,1,2,2,3,'true'),(32,1,2,3,1,'true'),(32,1,2,4,4,'true'),(32,1,2,5,1,'true'),(33,1,2,1,5,'true'),(33,1,2,2,2,'true'),(33,1,2,3,4,'true'),(33,1,2,4,2,'true'),(33,1,2,5,1,'true'),(34,1,2,1,1,'true'),(34,1,2,2,5,'true'),(34,1,2,3,1,'true'),(34,1,2,4,1,'true'),(34,1,2,5,2,'true'),(35,1,2,1,2,'true'),(35,1,2,2,4,'true'),(35,1,2,3,2,'true'),(35,1,2,4,1,'true'),(35,1,2,5,5,'true'),(36,1,2,1,3,'true'),(36,1,2,2,2,'true'),(36,1,2,3,5,'true'),(36,1,2,4,4,'true'),(36,1,2,5,4,'true'),(37,1,2,1,4,'true'),(37,1,2,2,2,'true'),(37,1,2,3,1,'true'),(37,1,2,4,2,'true'),(37,1,2,5,3,'true'),(38,1,2,1,5,'true'),(38,1,2,2,1,'true'),(38,1,2,3,1,'true'),(38,1,2,4,2,'true'),(38,1,2,5,5,'true'),(39,1,2,1,4,'true'),(39,1,2,2,4,'true'),(39,1,2,3,5,'true'),(39,1,2,4,5,'true'),(39,1,2,5,5,'true'),(40,1,2,1,4,'true'),(40,1,2,2,4,'true'),(40,1,2,3,2,'true'),(40,1,2,4,1,'true'),(40,1,2,5,2,'true'),(41,1,2,1,3,'true'),(41,1,2,2,1,'true'),(41,1,2,3,4,'true'),(41,1,2,4,1,'true'),(41,1,2,5,5,'true'),(42,1,2,1,2,'true'),(42,1,2,2,1,'true'),(42,1,2,3,4,'true'),(42,1,2,4,1,'true'),(42,1,2,5,3,'true'),(43,1,2,1,1,'true'),(43,1,2,2,3,'true'),(43,1,2,3,1,'true'),(43,1,2,4,4,'true'),(43,1,2,5,4,'true'),(44,1,2,1,5,'true'),(44,1,2,2,2,'true'),(44,1,2,3,4,'true'),(44,1,2,4,4,'true'),(44,1,2,5,2,'true'),(45,1,2,1,2,'true'),(45,1,2,2,4,'true'),(45,1,2,3,4,'true'),(45,1,2,4,5,'true'),(45,1,2,5,5,'true'),(46,1,2,1,4,'true'),(46,1,2,2,4,'true'),(46,1,2,3,3,'true'),(46,1,2,4,5,'true'),(46,1,2,5,2,'true'),(47,1,2,1,5,'true'),(47,1,2,2,3,'true'),(47,1,2,3,2,'true'),(47,1,2,4,3,'true'),(47,1,2,5,1,'true'),(48,1,2,1,2,'true'),(48,1,2,2,5,'true'),(48,1,2,3,1,'true'),(48,1,2,4,3,'true'),(48,1,2,5,3,'true'),(49,1,2,1,1,'true'),(49,1,2,2,2,'true'),(49,1,2,3,3,'true'),(49,1,2,4,5,'true'),(49,1,2,5,4,'true'),(50,1,2,1,2,'true'),(50,1,2,2,1,'true'),(50,1,2,3,1,'true'),(50,1,2,4,3,'true'),(50,1,2,5,4,'true'),(51,1,2,1,1,'true'),(51,1,2,2,1,'true'),(51,1,2,3,5,'true'),(51,1,2,4,4,'true'),(51,1,2,5,1,'true'),(52,1,2,1,2,'true'),(52,1,2,2,3,'true'),(52,1,2,3,4,'true'),(52,1,2,4,3,'true'),(52,1,2,5,4,'true'),(53,1,2,1,1,'true'),(53,1,2,2,2,'true'),(53,1,2,3,2,'true'),(53,1,2,4,4,'true'),(53,1,2,5,3,'true'),(54,1,2,1,5,'true'),(54,1,2,2,3,'true'),(54,1,2,3,2,'true'),(54,1,2,4,3,'true'),(54,1,2,5,5,'true'),(55,1,2,1,2,'true'),(55,1,2,2,2,'true'),(55,1,2,3,3,'true'),(55,1,2,4,4,'true'),(55,1,2,5,3,'true'),(56,1,2,1,4,'true'),(56,1,2,2,2,'true'),(56,1,2,3,4,'true'),(56,1,2,4,3,'true'),(56,1,2,5,4,'true'),(57,1,2,1,2,'true'),(57,1,2,2,3,'true'),(57,1,2,3,3,'true'),(57,1,2,4,4,'true'),(57,1,2,5,4,'true'),(58,1,2,1,3,'true'),(58,1,2,2,5,'true'),(58,1,2,3,2,'true'),(58,1,2,4,1,'true'),(58,1,2,5,3,'true'),(59,1,2,1,1,'true'),(59,1,2,2,1,'true'),(59,1,2,3,3,'true'),(59,1,2,4,2,'true'),(59,1,2,5,4,'true'),(60,1,2,1,1,'true'),(60,1,2,2,2,'true'),(60,1,2,3,5,'true'),(60,1,2,4,4,'true'),(60,1,2,5,1,'true'),(61,1,2,1,4,'true'),(61,1,2,2,5,'true'),(61,1,2,3,5,'true'),(61,1,2,4,4,'true'),(61,1,2,5,1,'true'),(62,1,2,1,2,'true'),(62,1,2,2,4,'true'),(62,1,2,3,1,'true'),(62,1,2,4,5,'true'),(62,1,2,5,1,'true'),(63,1,2,1,1,'true'),(63,1,2,2,2,'true'),(63,1,2,3,4,'true'),(63,1,2,4,1,'true'),(63,1,2,5,3,'true'),(64,1,2,1,3,'true'),(64,1,2,2,4,'true'),(64,1,2,3,3,'true'),(64,1,2,4,3,'true'),(64,1,2,5,2,'true'),(65,1,2,1,5,'true'),(65,1,2,2,4,'true'),(65,1,2,3,2,'true'),(65,1,2,4,1,'true'),(65,1,2,5,5,'true'),(66,1,2,1,3,'true'),(66,1,2,2,5,'true'),(66,1,2,3,1,'true'),(66,1,2,4,5,'true'),(66,1,2,5,3,'true'),(67,1,2,1,1,'true'),(67,1,2,2,2,'true'),(67,1,2,3,1,'true'),(67,1,2,4,4,'true'),(67,1,2,5,4,'true'),(68,1,2,1,3,'true'),(68,1,2,2,3,'true'),(68,1,2,3,5,'true'),(68,1,2,4,5,'true'),(68,1,2,5,1,'true'),(69,1,2,1,5,'true'),(69,1,2,2,2,'true'),(69,1,2,3,1,'true'),(69,1,2,4,3,'true'),(69,1,2,5,3,'true'),(70,1,2,1,2,'true'),(70,1,2,2,2,'true'),(70,1,2,3,3,'true'),(70,1,2,4,1,'true'),(70,1,2,5,2,'true'),(71,1,2,1,2,'true'),(71,1,2,2,1,'true'),(71,1,2,3,2,'true'),(71,1,2,4,2,'true'),(71,1,2,5,1,'true'),(72,1,2,1,1,'true'),(72,1,2,2,4,'true'),(72,1,2,3,5,'true'),(72,1,2,4,3,'true'),(72,1,2,5,5,'true'),(73,1,2,1,5,'true'),(73,1,2,2,4,'true'),(73,1,2,3,2,'true'),(73,1,2,4,1,'true'),(73,1,2,5,4,'true'),(74,1,2,1,1,'true'),(74,1,2,2,2,'true'),(74,1,2,3,3,'true'),(74,1,2,4,1,'true'),(74,1,2,5,3,'true'),(75,1,2,1,5,'true'),(75,1,2,2,1,'true'),(75,1,2,3,2,'true'),(75,1,2,4,1,'true'),(75,1,2,5,2,'true'),(76,1,2,1,2,'true'),(76,1,2,2,3,'true'),(76,1,2,3,4,'true'),(76,1,2,4,3,'true'),(76,1,2,5,1,'true'),(77,1,2,1,4,'true'),(77,1,2,2,3,'true'),(77,1,2,3,2,'true'),(77,1,2,4,2,'true'),(77,1,2,5,2,'true'),(78,1,2,1,3,'true'),(78,1,2,2,4,'true'),(78,1,2,3,5,'true'),(78,1,2,4,5,'true'),(78,1,2,5,2,'true'),(79,1,2,1,2,'true'),(79,1,2,2,3,'true'),(79,1,2,3,4,'true'),(79,1,2,4,5,'true'),(79,1,2,5,4,'true'),(80,1,2,1,1,'true'),(80,1,2,2,1,'true'),(80,1,2,3,5,'true'),(80,1,2,4,5,'true'),(80,1,2,5,4,'true'),(81,1,2,1,5,'true'),(81,1,2,2,5,'true'),(81,1,2,3,3,'true'),(81,1,2,4,5,'true'),(81,1,2,5,3,'true'),(82,1,2,1,4,'true'),(82,1,2,2,1,'true'),(82,1,2,3,2,'true'),(82,1,2,4,2,'true'),(82,1,2,5,2,'true'),(83,1,2,1,1,'true'),(83,1,2,2,4,'true'),(83,1,2,3,2,'true'),(83,1,2,4,3,'true'),(83,1,2,5,1,'true'),(84,1,2,1,4,'true'),(84,1,2,2,2,'true'),(84,1,2,3,4,'true'),(84,1,2,4,5,'true'),(84,1,2,5,4,'true'),(85,1,2,1,5,'true'),(85,1,2,2,5,'true'),(85,1,2,3,4,'true'),(85,1,2,4,3,'true'),(85,1,2,5,1,'true'),(86,1,2,1,3,'true'),(86,1,2,2,3,'true'),(86,1,2,3,4,'true'),(86,1,2,4,4,'true'),(86,1,2,5,5,'true'),(87,1,2,1,3,'true'),(87,1,2,2,2,'true'),(87,1,2,3,2,'true'),(87,1,2,4,4,'true'),(87,1,2,5,4,'true'),(88,1,2,1,3,'true'),(88,1,2,2,5,'true'),(88,1,2,3,3,'true'),(88,1,2,4,1,'true'),(88,1,2,5,2,'true'),(89,1,2,1,2,'true'),(89,1,2,2,4,'true'),(89,1,2,3,3,'true'),(89,1,2,4,1,'true'),(89,1,2,5,4,'true'),(90,1,2,1,5,'true'),(90,1,2,2,2,'true'),(90,1,2,3,1,'true'),(90,1,2,4,4,'true'),(90,1,2,5,1,'true'),(91,1,2,1,2,'true'),(91,1,2,2,1,'true'),(91,1,2,3,4,'true'),(91,1,2,4,5,'true'),(91,1,2,5,2,'true'),(92,1,2,1,5,'true'),(92,1,2,2,4,'true'),(92,1,2,3,2,'true'),(92,1,2,4,4,'true'),(92,1,2,5,3,'true'),(93,1,2,1,5,'true'),(93,1,2,2,1,'true'),(93,1,2,3,5,'true'),(93,1,2,4,1,'true'),(93,1,2,5,5,'true'),(94,1,2,1,2,'true'),(94,1,2,2,1,'true'),(94,1,2,3,3,'true'),(94,1,2,4,5,'true'),(94,1,2,5,3,'true'),(95,1,2,1,3,'true'),(95,1,2,2,1,'true'),(95,1,2,3,1,'true'),(95,1,2,4,1,'true'),(95,1,2,5,2,'true'),(96,1,2,1,3,'true'),(96,1,2,2,5,'true'),(96,1,2,3,1,'true'),(96,1,2,4,5,'true'),(96,1,2,5,2,'true'),(97,1,2,1,2,'true'),(97,1,2,2,1,'true'),(97,1,2,3,5,'true'),(97,1,2,4,1,'true'),(97,1,2,5,4,'true'),(98,1,1,1,1,'true'),(98,1,1,2,3,'true'),(98,1,1,3,4,'true'),(98,1,1,4,2,'true'),(98,1,1,5,1,'true'),(99,1,1,1,2,'true'),(99,1,1,2,2,'true'),(99,1,1,3,1,'true'),(99,1,1,4,4,'true'),(99,1,1,5,2,'true'),(100,1,1,1,2,'true'),(100,1,1,2,4,'true'),(100,1,1,3,2,'true'),(100,1,1,4,1,'true'),(100,1,1,5,2,'true'),(101,1,1,1,2,'true'),(101,1,1,2,3,'true'),(101,1,1,3,2,'true'),(101,1,1,4,3,'true'),(101,1,1,5,3,'true'),(102,1,1,1,3,'true'),(102,1,1,2,1,'true'),(102,1,1,3,2,'true'),(102,1,1,4,1,'true'),(102,1,1,5,2,'true'),(103,1,1,1,4,'true'),(103,1,1,2,3,'true'),(103,1,1,3,3,'true'),(103,1,1,4,2,'true'),(103,1,1,5,3,'true'),(104,1,1,1,2,'true'),(104,1,1,2,2,'true'),(104,1,1,3,3,'true'),(104,1,1,4,3,'true'),(104,1,1,5,4,'true'),(105,1,1,1,4,'true'),(105,1,1,2,4,'true'),(105,1,1,3,1,'true'),(105,1,1,4,3,'true'),(105,1,1,5,2,'true'),(106,1,1,1,4,'true'),(106,1,1,2,2,'true'),(106,1,1,3,4,'true'),(106,1,1,4,1,'true'),(106,1,1,5,2,'true'),(107,1,1,1,4,'true'),(107,1,1,2,4,'true'),(107,1,1,3,2,'true'),(107,1,1,4,1,'true'),(107,1,1,5,4,'true'),(108,1,1,1,2,'true'),(108,1,1,2,3,'true'),(108,1,1,3,4,'true'),(108,1,1,4,1,'true'),(108,1,1,5,3,'true'),(109,1,1,1,3,'true'),(109,1,1,2,4,'true'),(109,1,1,3,2,'true'),(109,1,1,4,1,'true'),(109,1,1,5,2,'true'),(110,1,1,1,2,'true'),(110,1,1,2,3,'true'),(110,1,1,3,1,'true'),(110,1,1,4,1,'true'),(110,1,1,5,4,'true'),(111,1,1,1,2,'true'),(111,1,1,2,2,'true'),(111,1,1,3,4,'true'),(111,1,1,4,4,'true'),(111,1,1,5,3,'true'),(112,1,1,1,1,'true'),(112,1,1,2,4,'true'),(112,1,1,3,3,'true'),(112,1,1,4,4,'true'),(112,1,1,5,3,'true'),(113,1,1,1,4,'true'),(113,1,1,2,4,'true'),(113,1,1,3,1,'true'),(113,1,1,4,2,'true'),(113,1,1,5,2,'true'),(114,1,1,1,2,'true'),(114,1,1,2,1,'true'),(114,1,1,3,3,'true'),(114,1,1,4,2,'true'),(114,1,1,5,3,'true'),(115,1,1,1,2,'true'),(115,1,1,2,1,'true'),(115,1,1,3,4,'true'),(115,1,1,4,1,'true'),(115,1,1,5,4,'true'),(116,1,1,1,4,'true'),(116,1,1,2,1,'true'),(116,1,1,3,4,'true'),(116,1,1,4,1,'true'),(116,1,1,5,4,'true'),(117,1,1,1,4,'true'),(117,1,1,2,1,'true'),(117,1,1,3,2,'true'),(117,1,1,4,1,'true'),(117,1,1,5,2,'true'),(118,1,1,1,1,'true'),(118,1,1,2,2,'true'),(118,1,1,3,1,'true'),(118,1,1,4,1,'true'),(118,1,1,5,3,'true'),(119,1,1,1,4,'true'),(119,1,1,2,2,'true'),(119,1,1,3,2,'true'),(119,1,1,4,1,'true'),(119,1,1,5,3,'true'),(120,1,1,1,1,'true'),(120,1,1,2,4,'true'),(120,1,1,3,3,'true'),(120,1,1,4,3,'true'),(120,1,1,5,2,'true'),(121,1,1,1,2,'true'),(121,1,1,2,1,'true'),(121,1,1,3,4,'true'),(121,1,1,4,1,'true'),(121,1,1,5,2,'true'),(122,1,1,1,4,'true'),(122,1,1,2,4,'true'),(122,1,1,3,2,'true'),(122,1,1,4,1,'true'),(122,1,1,5,1,'true'),(123,1,1,1,1,'true'),(123,1,1,2,4,'true'),(123,1,1,3,2,'true'),(123,1,1,4,2,'true'),(123,1,1,5,3,'true'),(124,1,1,1,4,'true'),(124,1,1,2,3,'true'),(124,1,1,3,1,'true'),(124,1,1,4,3,'true'),(124,1,1,5,3,'true'),(125,1,1,1,2,'true'),(125,1,1,2,3,'true'),(125,1,1,3,2,'true'),(125,1,1,4,3,'true'),(125,1,1,5,2,'true'),(126,1,1,1,3,'true'),(126,1,1,2,3,'true'),(126,1,1,3,1,'true'),(126,1,1,4,4,'true'),(126,1,1,5,3,'true'),(127,1,1,1,3,'true'),(127,1,1,2,2,'true'),(127,1,1,3,4,'true'),(127,1,1,4,4,'true'),(127,1,1,5,2,'true'),(128,1,1,1,1,'true'),(128,1,1,2,2,'true'),(128,1,1,3,3,'true'),(128,1,1,4,1,'true'),(128,1,1,5,1,'true'),(129,1,1,1,4,'true'),(129,1,1,2,2,'true'),(129,1,1,3,1,'true'),(129,1,1,4,2,'true'),(129,1,1,5,2,'true'),(130,1,1,1,4,'true'),(130,1,1,2,2,'true'),(130,1,1,3,2,'true'),(130,1,1,4,4,'true'),(130,1,1,5,1,'true'),(131,1,1,1,4,'true'),(131,1,1,2,2,'true'),(131,1,1,3,4,'true'),(131,1,1,4,1,'true'),(131,1,1,5,3,'true'),(132,1,1,1,3,'true'),(132,1,1,2,2,'true'),(132,1,1,3,1,'true'),(132,1,1,4,4,'true'),(132,1,1,5,1,'true'),(133,1,1,1,4,'true'),(133,1,1,2,4,'true'),(133,1,1,3,2,'true'),(133,1,1,4,1,'true'),(133,1,1,5,4,'true'),(134,1,1,1,3,'true'),(134,1,1,2,4,'true'),(134,1,1,3,4,'true'),(134,1,1,4,3,'true'),(134,1,1,5,1,'true'),(135,1,1,1,1,'true'),(135,1,1,2,2,'true'),(135,1,1,3,3,'true'),(135,1,1,4,2,'true'),(135,1,1,5,2,'true'),(136,1,1,1,4,'true'),(136,1,1,2,3,'true'),(136,1,1,3,4,'true'),(136,1,1,4,2,'true'),(136,1,1,5,4,'true'),(137,1,1,1,2,'true'),(137,1,1,2,1,'true'),(137,1,1,3,3,'true'),(137,1,1,4,4,'true'),(137,1,1,5,1,'true'),(138,1,1,1,2,'true'),(138,1,1,2,4,'true'),(138,1,1,3,1,'true'),(138,1,1,4,2,'true'),(138,1,1,5,4,'true'),(139,1,1,1,2,'true'),(139,1,1,2,4,'true'),(139,1,1,3,1,'true'),(139,1,1,4,3,'true'),(139,1,1,5,2,'true'),(140,1,1,1,4,'true'),(140,1,1,2,4,'true'),(140,1,1,3,2,'true'),(140,1,1,4,1,'true'),(140,1,1,5,2,'true'),(141,1,1,1,3,'true'),(141,1,1,2,2,'true'),(141,1,1,3,3,'true'),(141,1,1,4,4,'true'),(141,1,1,5,4,'true'),(142,1,1,1,2,'true'),(142,1,1,2,2,'true'),(142,1,1,3,2,'true'),(142,1,1,4,2,'true'),(142,1,1,5,2,'true'),(143,1,1,1,1,'true'),(143,1,1,2,3,'true'),(143,1,1,3,2,'true'),(143,1,1,4,4,'true'),(143,1,1,5,4,'true'),(144,1,1,1,2,'true'),(144,1,1,2,2,'true'),(144,1,1,3,4,'true'),(144,1,1,4,1,'true'),(144,1,1,5,4,'true'),(145,1,1,1,4,'true'),(145,1,1,2,4,'true'),(145,1,1,3,2,'true'),(145,1,1,4,4,'true'),(145,1,1,5,2,'true'),(146,1,1,1,4,'true'),(146,1,1,2,4,'true'),(146,1,1,3,4,'true'),(146,1,1,4,3,'true'),(146,1,1,5,3,'true'),(147,1,1,1,3,'true'),(147,1,1,2,4,'true'),(147,1,1,3,2,'true'),(147,1,1,4,2,'true'),(147,1,1,5,2,'true'),(148,1,1,1,3,'true'),(148,1,1,2,2,'true'),(148,1,1,3,3,'true'),(148,1,1,4,4,'true'),(148,1,1,5,4,'true'),(149,1,1,1,1,'true'),(149,1,1,2,1,'true'),(149,1,1,3,4,'true'),(149,1,1,4,3,'true'),(149,1,1,5,2,'true'),(151,1,1,1,1,'true'),(151,1,1,2,2,'true'),(151,1,1,3,3,'true'),(151,1,1,4,4,'true'),(151,1,1,5,3,'true');
/*!40000 ALTER TABLE `response_array` ENABLE KEYS */;
UNLOCK TABLES;

--
-- Table structure for table `response_multi`
--

DROP TABLE IF EXISTS `response_multi`;
/*!40101 SET @saved_cs_client     = @@character_set_client */;
/*!40101 SET character_set_client = utf8 */;
CREATE TABLE `response_multi` (
  `response_id` int(11) NOT NULL,
  `question_id` int(11) NOT NULL,
  `survey_id` int(11) NOT NULL,
  `question_row` varchar(40) NOT NULL,
  `multi_value` text,
  PRIMARY KEY (`response_id`,`question_id`,`survey_id`,`question_row`),
  KEY `question_response_multi` (`question_id`,`survey_id`),
  KEY `survey_response_response_multi` (`response_id`,`survey_id`,`question_id`)
) ENGINE=MyISAM DEFAULT CHARSET=latin1;
/*!40101 SET character_set_client = @saved_cs_client */;

--
-- Dumping data for table `response_multi`
--

LOCK TABLES `response_multi` WRITE;
/*!40000 ALTER TABLE `response_multi` DISABLE KEYS */;
INSERT INTO `response_multi` VALUES (1,2,2,'2',''),(1,3,2,'1',''),(1,4,2,'2',''),(1,4,2,'5',''),(2,2,2,'3',''),(2,3,2,'3',''),(2,4,2,'1',''),(2,4,2,'3',''),(2,4,2,'4',''),(2,4,2,'5',''),(2,4,2,'6',''),(3,2,2,'3',''),(3,3,2,'4',''),(3,4,2,'1',''),(3,4,2,'7',''),(4,2,2,'1',''),(4,3,2,'4',''),(4,4,2,'1',''),(4,4,2,'2',''),(4,4,2,'4',''),(4,4,2,'6',''),(4,4,2,'7',''),(5,2,2,'4',''),(5,3,2,'1',''),(5,4,2,'3',''),(5,4,2,'6',''),(6,2,2,'2',''),(6,3,2,'4',''),(6,4,2,'1',''),(6,4,2,'3',''),(6,4,2,'4',''),(6,4,2,'6',''),(6,4,2,'7',''),(7,2,2,'3',''),(7,3,2,'2',''),(7,4,2,'3',''),(8,2,2,'1',''),(8,3,2,'4',''),(8,4,2,'1',''),(9,2,2,'3',''),(9,3,2,'4',''),(9,4,2,'3',''),(9,4,2,'6',''),(10,2,2,'5',''),(10,3,2,'1',''),(10,4,2,'1',''),(10,4,2,'4',''),(10,4,2,'6',''),(11,2,2,'1',''),(11,3,2,'1',''),(11,4,2,'1',''),(11,4,2,'2',''),(11,4,2,'4',''),(12,2,2,'4',''),(12,3,2,'2',''),(13,2,2,'2',''),(13,3,2,'1',''),(13,4,2,'2',''),(14,2,2,'3',''),(14,3,2,'4',''),(14,4,2,'1',''),(14,4,2,'2',''),(15,2,2,'2',''),(15,3,2,'2',''),(15,4,2,'2',''),(15,4,2,'3',''),(15,4,2,'4',''),(15,4,2,'5',''),(15,4,2,'7',''),(16,2,2,'1',''),(16,3,2,'3',''),(16,4,2,'1',''),(16,4,2,'3',''),(16,4,2,'5',''),(16,4,2,'7',''),(17,2,2,'4',''),(17,3,2,'3',''),(17,4,2,'1',''),(17,4,2,'4',''),(17,4,2,'7',''),(18,2,2,'5',''),(18,3,2,'3',''),(18,4,2,'1',''),(18,4,2,'5',''),(18,4,2,'6',''),(19,2,2,'5',''),(19,3,2,'4',''),(19,4,2,'1',''),(20,2,2,'4',''),(20,3,2,'1',''),(20,4,2,'1',''),(20,4,2,'3',''),(20,4,2,'5',''),(20,4,2,'7',''),(21,2,2,'4',''),(21,3,2,'2',''),(21,4,2,'1',''),(21,4,2,'3',''),(21,4,2,'4',''),(21,4,2,'5',''),(21,4,2,'6',''),(21,4,2,'7',''),(22,2,2,'4',''),(22,3,2,'2',''),(22,4,2,'7',''),(23,2,2,'5',''),(23,3,2,'2',''),(23,4,2,'1',''),(23,4,2,'2',''),(23,4,2,'5',''),(24,2,2,'3',''),(24,3,2,'3',''),(24,4,2,'2',''),(24,4,2,'5',''),(25,2,2,'3',''),(25,3,2,'1',''),(25,4,2,'3',''),(25,4,2,'5',''),(25,4,2,'7',''),(26,2,2,'1',''),(26,3,2,'1',''),(26,4,2,'1',''),(26,4,2,'2',''),(26,4,2,'3',''),(26,4,2,'7',''),(27,2,2,'5',''),(27,3,2,'1',''),(27,4,2,'1',''),(27,4,2,'3',''),(27,4,2,'4',''),(27,4,2,'7',''),(28,2,2,'3',''),(28,3,2,'4',''),(28,4,2,'1',''),(28,4,2,'4',''),(29,2,2,'2',''),(29,3,2,'2',''),(29,4,2,'1',''),(29,4,2,'3',''),(29,4,2,'7',''),(30,2,2,'4',''),(30,3,2,'2',''),(30,4,2,'1',''),(30,4,2,'2',''),(30,4,2,'4',''),(31,2,2,'4',''),(31,3,2,'4',''),(31,4,2,'1',''),(31,4,2,'3',''),(31,4,2,'6',''),(32,2,2,'3',''),(32,3,2,'4',''),(32,4,2,'1',''),(32,4,2,'2',''),(32,4,2,'4',''),(33,2,2,'1',''),(33,3,2,'2',''),(34,2,2,'5',''),(34,3,2,'3',''),(34,4,2,'1',''),(34,4,2,'2',''),(34,4,2,'4',''),(34,4,2,'7',''),(35,2,2,'5',''),(35,3,2,'2',''),(35,4,2,'3',''),(35,4,2,'4',''),(35,4,2,'5',''),(36,2,2,'4',''),(36,3,2,'1',''),(36,4,2,'1',''),(36,4,2,'2',''),(36,4,2,'5',''),(36,4,2,'6',''),(37,2,2,'2',''),(37,3,2,'2',''),(37,4,2,'1',''),(37,4,2,'2',''),(37,4,2,'3',''),(37,4,2,'4',''),(38,2,2,'4',''),(38,3,2,'3',''),(38,4,2,'1',''),(38,4,2,'2',''),(38,4,2,'3',''),(38,4,2,'4',''),(38,4,2,'5',''),(39,2,2,'1',''),(39,3,2,'2',''),(39,4,2,'1',''),(39,4,2,'3',''),(39,4,2,'7',''),(40,2,2,'1',''),(40,3,2,'1',''),(40,4,2,'2',''),(40,4,2,'3',''),(41,2,2,'1',''),(41,3,2,'2',''),(41,4,2,'2',''),(41,4,2,'6',''),(41,4,2,'7',''),(42,2,2,'5',''),(42,3,2,'2',''),(42,4,2,'6',''),(43,2,2,'1',''),(43,3,2,'4',''),(43,4,2,'1',''),(43,4,2,'3',''),(43,4,2,'6',''),(44,2,2,'1',''),(44,3,2,'2',''),(44,4,2,'1',''),(44,4,2,'3',''),(45,2,2,'2',''),(45,3,2,'3',''),(45,4,2,'1',''),(45,4,2,'4',''),(45,4,2,'7',''),(46,2,2,'1',''),(46,3,2,'1',''),(46,4,2,'1',''),(46,4,2,'4',''),(46,4,2,'5',''),(46,4,2,'7',''),(47,2,2,'2',''),(47,3,2,'2',''),(47,4,2,'1',''),(47,4,2,'2',''),(47,4,2,'5',''),(47,4,2,'6',''),(48,2,2,'4',''),(48,3,2,'1',''),(48,4,2,'1',''),(48,4,2,'3',''),(48,4,2,'5',''),(48,4,2,'7',''),(49,2,2,'5',''),(49,3,2,'2',''),(49,4,2,'1',''),(49,4,2,'7',''),(50,2,2,'4',''),(50,3,2,'1',''),(50,4,2,'2',''),(50,4,2,'3',''),(50,4,2,'4',''),(50,4,2,'7',''),(51,2,2,'4',''),(51,3,2,'2',''),(51,4,2,'1',''),(51,4,2,'2',''),(51,4,2,'5',''),(51,4,2,'6',''),(52,2,2,'5',''),(52,3,2,'4',''),(52,4,2,'2',''),(52,4,2,'4',''),(52,4,2,'7',''),(53,2,2,'5',''),(53,3,2,'4',''),(53,4,2,'1',''),(53,4,2,'2',''),(53,4,2,'3',''),(53,4,2,'4',''),(53,4,2,'5',''),(53,4,2,'6',''),(53,4,2,'7',''),(54,2,2,'4',''),(54,3,2,'1',''),(54,4,2,'1',''),(54,4,2,'2',''),(54,4,2,'5',''),(54,4,2,'7',''),(55,2,2,'1',''),(55,3,2,'1',''),(55,4,2,'1',''),(55,4,2,'2',''),(55,4,2,'3',''),(55,4,2,'4',''),(55,4,2,'6',''),(55,4,2,'7',''),(56,2,2,'1',''),(56,3,2,'1',''),(56,4,2,'1',''),(56,4,2,'4',''),(56,4,2,'5',''),(56,4,2,'7',''),(57,2,2,'5',''),(57,3,2,'3',''),(57,4,2,'5',''),(57,4,2,'6',''),(57,4,2,'7',''),(58,2,2,'3',''),(58,3,2,'3',''),(58,4,2,'1',''),(58,4,2,'3',''),(58,4,2,'6',''),(59,2,2,'2',''),(59,3,2,'2',''),(59,4,2,'1',''),(59,4,2,'3',''),(59,4,2,'6',''),(59,4,2,'7',''),(60,2,2,'5',''),(60,3,2,'1',''),(60,4,2,'1',''),(61,2,2,'4',''),(61,3,2,'3',''),(61,4,2,'1',''),(61,4,2,'2',''),(61,4,2,'5',''),(62,2,2,'1',''),(62,3,2,'2',''),(62,4,2,'1',''),(62,4,2,'2',''),(62,4,2,'4',''),(62,4,2,'5',''),(63,2,2,'4',''),(63,3,2,'2',''),(63,4,2,'1',''),(63,4,2,'4',''),(63,4,2,'5',''),(63,4,2,'6',''),(64,2,2,'4',''),(64,3,2,'2',''),(64,4,2,'1',''),(64,4,2,'2',''),(64,4,2,'3',''),(64,4,2,'6',''),(65,2,2,'5',''),(65,3,2,'1',''),(65,4,2,'2',''),(65,4,2,'4',''),(65,4,2,'5',''),(66,2,2,'4',''),(66,3,2,'3',''),(66,4,2,'3',''),(66,4,2,'5',''),(67,2,2,'5',''),(67,3,2,'4',''),(67,4,2,'1',''),(67,4,2,'4',''),(67,4,2,'5',''),(68,2,2,'3',''),(68,3,2,'1',''),(68,4,2,'3',''),(68,4,2,'7',''),(69,2,2,'3',''),(69,3,2,'2',''),(69,4,2,'1',''),(69,4,2,'4',''),(69,4,2,'6',''),(70,2,2,'5',''),(70,3,2,'4',''),(70,4,2,'2',''),(70,4,2,'7',''),(71,2,2,'4',''),(71,3,2,'1',''),(71,4,2,'1',''),(71,4,2,'2',''),(72,2,2,'3',''),(72,3,2,'3',''),(72,4,2,'1',''),(72,4,2,'3',''),(72,4,2,'4',''),(73,2,2,'1',''),(73,3,2,'2',''),(73,4,2,'2',''),(73,4,2,'6',''),(74,2,2,'3',''),(74,3,2,'2',''),(74,4,2,'1',''),(74,4,2,'4',''),(74,4,2,'6',''),(75,2,2,'5',''),(75,3,2,'4',''),(75,4,2,'1',''),(75,4,2,'7',''),(76,2,2,'4',''),(76,3,2,'1',''),(76,4,2,'1',''),(76,4,2,'2',''),(76,4,2,'3',''),(76,4,2,'5',''),(76,4,2,'6',''),(76,4,2,'7',''),(77,2,2,'2',''),(77,3,2,'2',''),(77,4,2,'1',''),(77,4,2,'4',''),(77,4,2,'7',''),(78,2,2,'3',''),(78,3,2,'1',''),(78,4,2,'1',''),(78,4,2,'5',''),(78,4,2,'6',''),(79,2,2,'5',''),(79,3,2,'1',''),(79,4,2,'1',''),(79,4,2,'6',''),(80,2,2,'1',''),(80,3,2,'3',''),(80,4,2,'1',''),(80,4,2,'3',''),(80,4,2,'4',''),(81,2,2,'2',''),(81,3,2,'1',''),(81,4,2,'1',''),(82,2,2,'4',''),(82,3,2,'1',''),(82,4,2,'2',''),(83,2,2,'1',''),(83,3,2,'2',''),(83,4,2,'1',''),(83,4,2,'3',''),(84,2,2,'2',''),(84,3,2,'4',''),(84,4,2,'1',''),(84,4,2,'4',''),(84,4,2,'6',''),(85,2,2,'2',''),(85,3,2,'3',''),(85,4,2,'1',''),(86,2,2,'2',''),(86,3,2,'1',''),(86,4,2,'4',''),(86,4,2,'5',''),(86,4,2,'6',''),(87,2,2,'1',''),(87,3,2,'3',''),(87,4,2,'3',''),(87,4,2,'5',''),(88,2,2,'1',''),(88,3,2,'3',''),(88,4,2,'1',''),(89,2,2,'4',''),(89,3,2,'2',''),(89,4,2,'1',''),(89,4,2,'2',''),(89,4,2,'4',''),(89,4,2,'5',''),(90,2,2,'4',''),(90,3,2,'1',''),(90,4,2,'1',''),(90,4,2,'2',''),(90,4,2,'5',''),(90,4,2,'6',''),(91,2,2,'4',''),(91,3,2,'1',''),(91,4,2,'1',''),(91,4,2,'3',''),(92,2,2,'1',''),(92,3,2,'1',''),(92,4,2,'2',''),(92,4,2,'4',''),(92,4,2,'6',''),(93,2,2,'4',''),(93,3,2,'2',''),(93,4,2,'1',''),(94,2,2,'5',''),(94,3,2,'2',''),(94,4,2,'3',''),(94,4,2,'6',''),(94,4,2,'7',''),(95,2,2,'1',''),(95,3,2,'4',''),(95,4,2,'2',''),(95,4,2,'4',''),(95,4,2,'6',''),(96,2,2,'3',''),(96,3,2,'4',''),(96,4,2,'6',''),(96,4,2,'7',''),(97,2,2,'1',''),(97,3,2,'1',''),(97,4,2,'1',''),(97,4,2,'2',''),(97,4,2,'4',''),(97,4,2,'5',''),(97,4,2,'6',''),(98,4,1,'3',''),(98,5,1,'5',''),(98,6,1,'1',''),(98,6,1,'2',''),(98,6,1,'3',''),(98,6,1,'4',''),(99,4,1,'4',''),(99,5,1,'2',''),(99,6,1,'3',''),(99,6,1,'5',''),(100,4,1,'5',''),(100,5,1,'4',''),(100,6,1,'1',''),(100,6,1,'4',''),(101,4,1,'2',''),(101,5,1,'2',''),(101,6,1,'2',''),(101,6,1,'4',''),(102,4,1,'4',''),(102,5,1,'5',''),(102,6,1,'1',''),(102,6,1,'2',''),(103,4,1,'3',''),(103,5,1,'5',''),(103,6,1,'2',''),(104,4,1,'2',''),(104,5,1,'3',''),(104,6,1,'3',''),(104,6,1,'4',''),(105,4,1,'4',''),(105,5,1,'2',''),(106,4,1,'5',''),(106,5,1,'5',''),(106,6,1,'2',''),(106,6,1,'3',''),(106,6,1,'4',''),(106,6,1,'5',''),(107,4,1,'5',''),(107,5,1,'2',''),(107,6,1,'5',''),(108,4,1,'5',''),(108,5,1,'4',''),(108,6,1,'1',''),(109,4,1,'5',''),(109,5,1,'1',''),(109,6,1,'2',''),(110,4,1,'5',''),(110,5,1,'2',''),(110,6,1,'1',''),(110,6,1,'2',''),(110,6,1,'4',''),(111,4,1,'3',''),(111,5,1,'5',''),(111,6,1,'3',''),(111,6,1,'5',''),(112,4,1,'2',''),(112,5,1,'3',''),(112,6,1,'4',''),(112,6,1,'5',''),(113,4,1,'4',''),(113,5,1,'2',''),(113,6,1,'4',''),(114,4,1,'3',''),(114,5,1,'4',''),(114,6,1,'1',''),(114,6,1,'5',''),(115,4,1,'5',''),(115,5,1,'2',''),(115,6,1,'1',''),(115,6,1,'3',''),(115,6,1,'4',''),(115,6,1,'5',''),(116,4,1,'2',''),(116,5,1,'3',''),(117,4,1,'4',''),(117,5,1,'4',''),(118,4,1,'3',''),(118,5,1,'3',''),(118,6,1,'2',''),(118,6,1,'3',''),(118,6,1,'4',''),(118,6,1,'5',''),(119,4,1,'3',''),(119,5,1,'5',''),(119,6,1,'1',''),(119,6,1,'3',''),(119,6,1,'4',''),(119,6,1,'5',''),(120,4,1,'3',''),(120,5,1,'5',''),(120,6,1,'2',''),(120,6,1,'3',''),(120,6,1,'4',''),(120,6,1,'5',''),(121,4,1,'4',''),(121,5,1,'1',''),(121,6,1,'1',''),(121,6,1,'2',''),(121,6,1,'3',''),(121,6,1,'4',''),(121,6,1,'5',''),(122,4,1,'2',''),(122,5,1,'4',''),(122,6,1,'1',''),(122,6,1,'2',''),(122,6,1,'5',''),(123,4,1,'3',''),(123,5,1,'4',''),(123,6,1,'1',''),(124,4,1,'1',''),(124,5,1,'3',''),(124,6,1,'1',''),(125,4,1,'5',''),(125,5,1,'4',''),(125,6,1,'2',''),(125,6,1,'4',''),(126,4,1,'3',''),(126,5,1,'5',''),(126,6,1,'1',''),(126,6,1,'4',''),(126,6,1,'5',''),(127,4,1,'3',''),(127,5,1,'2',''),(128,4,1,'5',''),(128,5,1,'4',''),(128,6,1,'3',''),(128,6,1,'4',''),(128,6,1,'5',''),(129,4,1,'5',''),(129,5,1,'1',''),(129,6,1,'1',''),(129,6,1,'2',''),(130,4,1,'5',''),(130,5,1,'3',''),(130,6,1,'4',''),(131,4,1,'1',''),(131,5,1,'1',''),(131,6,1,'1',''),(131,6,1,'5',''),(132,4,1,'3',''),(132,5,1,'4',''),(132,6,1,'1',''),(132,6,1,'4',''),(132,6,1,'5',''),(133,4,1,'4',''),(133,5,1,'5',''),(133,6,1,'2',''),(133,6,1,'3',''),(134,4,1,'5',''),(134,5,1,'1',''),(134,6,1,'3',''),(135,4,1,'3',''),(135,5,1,'4',''),(135,6,1,'3',''),(135,6,1,'4',''),(136,4,1,'3',''),(136,5,1,'5',''),(136,6,1,'1',''),(136,6,1,'4',''),(137,4,1,'5',''),(137,5,1,'5',''),(137,6,1,'1',''),(137,6,1,'3',''),(137,6,1,'4',''),(137,6,1,'5',''),(138,4,1,'4',''),(138,5,1,'2',''),(138,6,1,'1',''),(138,6,1,'2',''),(139,4,1,'3',''),(139,5,1,'2',''),(139,6,1,'1',''),(139,6,1,'2',''),(139,6,1,'4',''),(139,6,1,'5',''),(140,4,1,'2',''),(140,5,1,'5',''),(140,6,1,'1',''),(140,6,1,'2',''),(140,6,1,'4',''),(141,4,1,'3',''),(141,5,1,'1',''),(141,6,1,'1',''),(141,6,1,'2',''),(141,6,1,'3',''),(141,6,1,'4',''),(142,4,1,'3',''),(142,5,1,'5',''),(142,6,1,'1',''),(142,6,1,'3',''),(142,6,1,'4',''),(143,4,1,'2',''),(143,5,1,'2',''),(143,6,1,'5',''),(144,4,1,'5',''),(144,5,1,'5',''),(144,6,1,'4',''),(144,6,1,'5',''),(145,4,1,'1',''),(145,5,1,'4',''),(145,6,1,'2',''),(145,6,1,'5',''),(146,4,1,'3',''),(146,5,1,'5',''),(147,4,1,'3',''),(147,5,1,'3',''),(148,4,1,'1',''),(148,5,1,'5',''),(148,6,1,'4',''),(148,6,1,'5',''),(149,4,1,'4',''),(149,5,1,'5',''),(150,2,2,'2',''),(151,4,1,'4',''),(151,5,1,'4',''),(151,6,1,'1',''),(151,6,1,'3','');
/*!40000 ALTER TABLE `response_multi` ENABLE KEYS */;
UNLOCK TABLES;

--
-- Table structure for table `response_single`
--

DROP TABLE IF EXISTS `response_single`;
/*!40101 SET @saved_cs_client     = @@character_set_client */;
/*!40101 SET character_set_client = utf8 */;
CREATE TABLE `response_single` (
  `response_id` int(11) NOT NULL,
  `question_id` int(11) NOT NULL,
  `survey_id` int(11) NOT NULL,
  `single_value` text,
  PRIMARY KEY (`response_id`,`question_id`,`survey_id`),
  KEY `question_response_single` (`question_id`,`survey_id`),
  KEY `survey_response_response_single` (`response_id`,`survey_id`,`question_id`)
) ENGINE=MyISAM DEFAULT CHARSET=latin1;
/*!40101 SET character_set_client = @saved_cs_client */;

--
-- Dumping data for table `response_single`
--

LOCK TABLES `response_single` WRITE;
/*!40000 ALTER TABLE `response_single` DISABLE KEYS */;
INSERT INTO `response_single` VALUES (98,2,1,'nisi. nisi. egestas. semper elit.'),(98,3,1,'et erat luctus Vestibulum morbi sodales'),(99,2,1,'Pellentesque et ipsum'),(99,3,1,'at ut lobortis ac elementum elit. justo. pretium iaculis Duis'),(100,2,1,'sit sodales quis'),(100,3,1,'et et at Aenean at'),(101,2,1,'erat erat'),(101,3,1,'in lacus. ut quis Aenean dolor Morbi elit. et elit. turpis nisi. Duis varius Pellentesque ut'),(102,2,1,'et sit malesuada'),(102,3,1,'elit. Phasellus quis'),(103,2,1,'sit Pellentesque justo'),(103,3,1,'amet amet, malesuada tellus, Fusce diam, Pellentesque fames'),(104,2,1,'iaculis quam varius eget.'),(104,3,1,'habitant ac adipiscing nibh, ac enim habitant lobortis egestas. netus et eget. commodo netus'),(105,2,1,'Duis consectetur justo. netus suscipit'),(105,3,1,'nec magna. justo turpis'),(106,2,1,'luctus adipiscing'),(106,3,1,'at adipiscing quis dolor Pellentesque morbi suscipit malesuada et Proin amet,'),(107,2,1,'Pellentesque Morbi commodo habitant'),(107,3,1,'lobortis. justo. sit morbi semper senectus Pellentesque egestas. lacus justo. erat ipsum malesuada justo. Proin'),(108,2,1,'netus lobortis.'),(108,3,1,'varius egestas. egestas. adipiscing adipiscing et nisi. justo. diam, commodo. et Curabitur amet,'),(109,2,1,'iaculis amet, eget'),(109,3,1,'consectetur eu turpis elit. sit Proin lacus'),(110,2,1,'justo. lacus. amet elit.'),(110,3,1,'sit at habitant quis nulla iaculis malesuada dolor'),(111,2,1,'dolor quis sit'),(111,3,1,'Duis Aenean Curabitur morbi semper suscipit Etiam eget Morbi tristique nec'),(112,2,1,'iaculis semper Morbi'),(112,3,1,'quam commodo ut amet iaculis suscipit. enim senectus justo. id justo ut'),(113,2,1,'consectetur et Fusce eget. bibendum'),(113,3,1,'turpis vestibulum Fusce amet, ut commodo elementum nibh, enim iaculis malesuada'),(114,2,1,'varius sit Vestibulum in'),(114,3,1,'sit semper Proin justo. dolor nisi. sit ac quis nec Morbi turpis'),(115,2,1,'enim et lacus. tellus,'),(115,3,1,'Proin malesuada Duis semper lobortis. enim magna. amet quis, consectetur massa ultricies nibh,'),(116,2,1,'egestas. in suscipit'),(116,3,1,'ac fames ipsum ut Curabitur morbi habitant'),(117,2,1,'elit. justo.'),(117,3,1,'elit. commodo. et semper Fusce lobortis'),(118,2,1,'commodo. sit elit. ac turpis'),(118,3,1,'turpis malesuada egestas. enim iaculis Etiam et nec ipsum quis, morbi ultricies lobortis tellus, in'),(119,2,1,'Duis ac eu'),(119,3,1,'Fusce amet malesuada suscipit. Proin consectetur Duis semper Aenean nibh,'),(120,2,1,'Morbi et ut commodo. massa'),(120,3,1,'Proin Lorem ut Etiam consequat sit et et amet sed pharetra Morbi enim iaculis'),(121,2,1,'at et'),(121,3,1,'tristique et eu sed malesuada nibh, elit. dolor. justo. consectetur vestibulum dolor egestas. et senectus'),(122,2,1,'amet erat enim Etiam'),(122,3,1,'Phasellus Vestibulum elit. quis habitant tristique'),(123,2,1,'turpis ac'),(123,3,1,'in Morbi fames et luctus'),(124,2,1,'quis et'),(124,3,1,'lobortis. quis et sit'),(125,2,1,'Duis senectus'),(125,3,1,'habitant Etiam turpis ut amet, senectus'),(126,2,1,'amet dolor adipiscing'),(126,3,1,'sit morbi erat sit massa Duis cursus Morbi tellus, habitant erat malesuada sodales nisi.'),(127,2,1,'quis at id elementum luctus'),(127,3,1,'habitant ac quam consectetur'),(128,2,1,'elementum Fusce ac luctus turpis'),(128,3,1,'tellus, sit magna. senectus nec pharetra ut sit'),(129,2,1,'ut senectus'),(129,3,1,'morbi metus morbi nibh, massa et Pellentesque Fusce'),(130,2,1,'sit justo. justo'),(130,3,1,'Duis id et senectus diam, consectetur bibendum et et Pellentesque adipiscing turpis'),(131,2,1,'quam commodo'),(131,3,1,'ultricies egestas. justo. lobortis erat amet Pellentesque erat senectus luctus pharetra pretium enim'),(132,2,1,'fames magna.'),(132,3,1,'Curabitur amet, lobortis amet, pharetra fames erat in sit Proin fames Fusce sit id suscipit id'),(133,2,1,'dolor egestas. consequat lobortis.'),(133,3,1,'quis Lorem sit morbi dolor quis, lacus. et'),(134,2,1,'eros pharetra quis in'),(134,3,1,'elementum pretium Duis pretium'),(135,2,1,'consectetur Morbi justo. consectetur'),(135,3,1,'erat elit. quis consectetur Etiam nec'),(136,2,1,'suscipit sit Etiam sit pharetra'),(136,3,1,'Pellentesque sit nisi. et et commodo. metus Morbi malesuada tellus, turpis habitant quis nisi. Etiam'),(137,2,1,'Lorem senectus'),(137,3,1,'justo. sit'),(138,2,1,'Pellentesque erat nibh, eget.'),(138,3,1,'enim cursus fames vestibulum dolor eu ac et Duis morbi'),(139,2,1,'commodo tellus, habitant Lorem consequat'),(139,3,1,'Morbi egestas. consectetur turpis Morbi ac nisi.'),(140,2,1,'Curabitur enim massa Proin Duis'),(140,3,1,'habitant sit justo. consectetur fames et consectetur commodo'),(141,2,1,'diam, magna. ipsum'),(141,3,1,'tristique eros Phasellus'),(142,2,1,'justo Vestibulum quam Morbi'),(142,3,1,'ac malesuada netus quam Curabitur egestas. et lacus. amet sit justo. Phasellus tellus, quam suscipit nec'),(143,2,1,'et metus vestibulum elementum'),(143,3,1,'Vestibulum turpis lacus. lobortis.'),(144,2,1,'Fusce erat nulla'),(144,3,1,'turpis ac Aenean elit. sodales habitant turpis Pellentesque dolor Vestibulum quis senectus sit quis Proin semper'),(145,2,1,'tristique commodo Proin'),(145,3,1,'consectetur Pellentesque sed lobortis'),(146,2,1,'sit justo sed justo.'),(146,3,1,'Duis habitant lobortis. quis elit. suscipit. vestibulum amet turpis Proin tristique et'),(147,2,1,'nec Pellentesque Pellentesque Vestibulum ac'),(147,3,1,'nibh, elit. massa erat ultricies ipsum et dolor. Fusce morbi habitant iaculis'),(148,2,1,'turpis in sed amet,'),(148,3,1,'Proin ultricies'),(149,2,1,'quis quis'),(149,3,1,'in tristique dolor nulla bibendum amet, amet eu'),(151,2,1,''),(151,3,1,'');
/*!40000 ALTER TABLE `response_single` ENABLE KEYS */;
UNLOCK TABLES;

--
-- Table structure for table `survey`
--

DROP TABLE IF EXISTS `survey`;
/*!40101 SET @saved_cs_client     = @@character_set_client */;
/*!40101 SET character_set_client = utf8 */;
CREATE TABLE `survey` (
  `survey_id` int(11) NOT NULL AUTO_INCREMENT,
  `account_id` int(11) NOT NULL,
  `survey_title` varchar(255) DEFAULT NULL,
  `survey_description` text,
  `mainContent` varchar(40) DEFAULT NULL,
  `title_color` varchar(40) DEFAULT NULL,
  `details_color` varchar(40) DEFAULT NULL,
  `question_block` varchar(40) DEFAULT NULL,
  `question_label_bg` varchar(40) DEFAULT NULL,
  `question_label_color` varchar(40) DEFAULT NULL,
  `title_font` varchar(40) DEFAULT NULL,
  `details_font` varchar(40) DEFAULT NULL,
  `question_label_font` varchar(40) DEFAULT NULL,
  `question_block_font` varchar(40) DEFAULT NULL,
  `survey_type` enum('free','single','account') DEFAULT NULL,
  `start_date` datetime DEFAULT NULL,
  `end_date` datetime DEFAULT NULL,
  `network_type` varchar(40) DEFAULT NULL,
  `network_value` varchar(40) DEFAULT NULL,
  `create_date` datetime DEFAULT NULL,
  `modify_date` datetime DEFAULT NULL,
  `delete_date` datetime DEFAULT NULL,
  PRIMARY KEY (`survey_id`,`account_id`)
) ENGINE=MyISAM AUTO_INCREMENT=5 DEFAULT CHARSET=latin1;
/*!40101 SET character_set_client = @saved_cs_client */;

--
-- Dumping data for table `survey`
--

LOCK TABLES `survey` WRITE;
/*!40000 ALTER TABLE `survey` DISABLE KEYS */;
INSERT INTO `survey` VALUES (1,1,'Test 1','This is a test','rgb(255, 255, 255)','rgb(0, 0, 0)','rgb(0, 0, 0)','rgb(0, 0, 0)','rgb(193, 209, 3)','rgb(0, 0, 0)',NULL,'12px','14px','12px','free','0000-00-00 00:00:00','0000-00-00 00:00:00','open','NULL',NULL,'2011-08-28 07:32:13',NULL),(2,2,'Jason New Test Case','Lorem ipsum dolor sit amet, consectetur adipiscing elit. Duis convallis cursus velit quis tincidunt. Nam porta nisi at lectus ullamcorper viverra. Integer ultrices mi pulvinar metus fermentum blandit. Aliquam ut urna nec lacus lobortis facilisis. Sed eu tortor sed nulla consectetur gravida. Nulla rutrum hendrerit ligula, sed convallis urna tincidunt vel. Lorem ipsum dolor sit amet, consectetur adipiscing elit. Praesent id dui et nisi facilisis egestas. Sed ullamcorper mattis neque et pharetra. Phasellus a facilisis nisl.','rgb(255, 255, 255)','rgb(246, 220, 121)','rgb(245, 127, 211)','rgb(0, 0, 0)','rgb(193, 209, 3)','rgb(0, 0, 0)',NULL,'12px','14px','12px','free','0000-00-00 00:00:00','0000-00-00 00:00:00','open','NULL',NULL,'2011-09-17 01:24:18',NULL),(3,1,'this survey is cool ','a cool survey ','rgb(117, 15, 15)','rgb(72, 5, 5)','rgb(76, 5, 5)','rgb(72, 5, 5)','rgb(99, 9, 22)','rgb(125, 12, 12)',NULL,'12px','14px','12px','free','0000-00-00 00:00:00','0000-00-00 00:00:00','open','NULL',NULL,'2011-08-31 11:46:21',NULL),(4,1,'this is a service that you can use',' ','transparent','rgb(0, 0, 0)','rgb(0, 0, 0)','rgb(0, 0, 0)','rgb(193, 209, 3)','rgb(0, 0, 0)',NULL,'12px','14px','12px','free','2007-01-01 00:00:00','2015-10-10 00:00:00','open','NULL',NULL,'2012-04-03 07:20:53',NULL);
/*!40000 ALTER TABLE `survey` ENABLE KEYS */;
UNLOCK TABLES;

--
-- Table structure for table `survey_response`
--

DROP TABLE IF EXISTS `survey_response`;
/*!40101 SET @saved_cs_client     = @@character_set_client */;
/*!40101 SET character_set_client = utf8 */;
CREATE TABLE `survey_response` (
  `response_id` int(11) NOT NULL AUTO_INCREMENT,
  `survey_id` int(11) NOT NULL,
  `question_id` int(11) NOT NULL,
  PRIMARY KEY (`response_id`,`survey_id`,`question_id`),
  KEY `survey_survey_response` (`survey_id`),
  KEY `question_survey_response` (`question_id`,`survey_id`)
) ENGINE=MyISAM AUTO_INCREMENT=152 DEFAULT CHARSET=latin1;
/*!40101 SET character_set_client = @saved_cs_client */;

--
-- Dumping data for table `survey_response`
--

LOCK TABLES `survey_response` WRITE;
/*!40000 ALTER TABLE `survey_response` DISABLE KEYS */;
INSERT INTO `survey_response` VALUES (1,2,0),(2,2,0),(3,2,0),(4,2,0),(5,2,0),(6,2,0),(7,2,0),(8,2,0),(9,2,0),(10,2,0),(11,2,0),(12,2,0),(13,2,0),(14,2,0),(15,2,0),(16,2,0),(17,2,0),(18,2,0),(19,2,0),(20,2,0),(21,2,0),(22,2,0),(23,2,0),(24,2,0),(25,2,0),(26,2,0),(27,2,0),(28,2,0),(29,2,0),(30,2,0),(31,2,0),(32,2,0),(33,2,0),(34,2,0),(35,2,0),(36,2,0),(37,2,0),(38,2,0),(39,2,0),(40,2,0),(41,2,0),(42,2,0),(43,2,0),(44,2,0),(45,2,0),(46,2,0),(47,2,0),(48,2,0),(49,2,0),(50,2,0),(51,2,0),(52,2,0),(53,2,0),(54,2,0),(55,2,0),(56,2,0),(57,2,0),(58,2,0),(59,2,0),(60,2,0),(61,2,0),(62,2,0),(63,2,0),(64,2,0),(65,2,0),(66,2,0),(67,2,0),(68,2,0),(69,2,0),(70,2,0),(71,2,0),(72,2,0),(73,2,0),(74,2,0),(75,2,0),(76,2,0),(77,2,0),(78,2,0),(79,2,0),(80,2,0),(81,2,0),(82,2,0),(83,2,0),(84,2,0),(85,2,0),(86,2,0),(87,2,0),(88,2,0),(89,2,0),(90,2,0),(91,2,0),(92,2,0),(93,2,0),(94,2,0),(95,2,0),(96,2,0),(97,2,0),(98,1,0),(99,1,0),(100,1,0),(101,1,0),(102,1,0),(103,1,0),(104,1,0),(105,1,0),(106,1,0),(107,1,0),(108,1,0),(109,1,0),(110,1,0),(111,1,0),(112,1,0),(113,1,0),(114,1,0),(115,1,0),(116,1,0),(117,1,0),(118,1,0),(119,1,0),(120,1,0),(121,1,0),(122,1,0),(123,1,0),(124,1,0),(125,1,0),(126,1,0),(127,1,0),(128,1,0),(129,1,0),(130,1,0),(131,1,0),(132,1,0),(133,1,0),(134,1,0),(135,1,0),(136,1,0),(137,1,0),(138,1,0),(139,1,0),(140,1,0),(141,1,0),(142,1,0),(143,1,0),(144,1,0),(145,1,0),(146,1,0),(147,1,0),(148,1,0),(149,1,0),(150,2,0),(151,1,0);
/*!40000 ALTER TABLE `survey_response` ENABLE KEYS */;
UNLOCK TABLES;
/*!40103 SET TIME_ZONE=@OLD_TIME_ZONE */;

/*!40101 SET SQL_MODE=@OLD_SQL_MODE */;
/*!40014 SET FOREIGN_KEY_CHECKS=@OLD_FOREIGN_KEY_CHECKS */;
/*!40014 SET UNIQUE_CHECKS=@OLD_UNIQUE_CHECKS */;
/*!40101 SET CHARACTER_SET_CLIENT=@OLD_CHARACTER_SET_CLIENT */;
/*!40101 SET CHARACTER_SET_RESULTS=@OLD_CHARACTER_SET_RESULTS */;
/*!40101 SET COLLATION_CONNECTION=@OLD_COLLATION_CONNECTION */;
/*!40111 SET SQL_NOTES=@OLD_SQL_NOTES */;

-- Dump completed on 2014-04-05 15:03:26
